-- --------------------------------------------------------
-- Host:                         127.0.0.1
-- Server version:               10.1.36-MariaDB - mariadb.org binary distribution
-- Server OS:                    Win32
-- HeidiSQL Version:             11.0.0.5958
-- --------------------------------------------------------

/*!40101 SET @OLD_CHARACTER_SET_CLIENT=@@CHARACTER_SET_CLIENT */;
/*!40101 SET NAMES utf8 */;
/*!50503 SET NAMES utf8mb4 */;
/*!40014 SET @OLD_FOREIGN_KEY_CHECKS=@@FOREIGN_KEY_CHECKS, FOREIGN_KEY_CHECKS=0 */;
/*!40101 SET @OLD_SQL_MODE=@@SQL_MODE, SQL_MODE='NO_AUTO_VALUE_ON_ZERO' */;


-- Dumping database structure for pip
CREATE DATABASE IF NOT EXISTS `pip` /*!40100 DEFAULT CHARACTER SET utf8 */;
USE `pip`;

-- Dumping structure for table pip.detail_kriteria
CREATE TABLE IF NOT EXISTS `detail_kriteria` (
  `id` int(5) NOT NULL AUTO_INCREMENT,
  `id_kriteria` int(5) DEFAULT NULL,
  `detail` varchar(100) DEFAULT NULL,
  `bobot` float DEFAULT NULL,
  PRIMARY KEY (`id`),
  KEY `FK_detail_kriteria_kriteria` (`id_kriteria`),
  CONSTRAINT `FK_detail_kriteria_kriteria` FOREIGN KEY (`id_kriteria`) REFERENCES `kriteria` (`id`)
) ENGINE=InnoDB AUTO_INCREMENT=32 DEFAULT CHARSET=latin1;

-- Dumping data for table pip.detail_kriteria: ~16 rows (approximately)
/*!40000 ALTER TABLE `detail_kriteria` DISABLE KEYS */;
INSERT INTO `detail_kriteria` (`id`, `id_kriteria`, `detail`, `bobot`) VALUES
	(16, 1, 'kurang dari 1.500.000', 1),
	(17, 1, '1.500.000 - 2.000000', 2),
	(18, 1, '2.000.000 - 3.000.000', 3),
	(19, 1, 'diatas 3.000.000', 4),
	(20, 2, '1 anak', 1),
	(21, 2, '2 anak', 2),
	(22, 2, '3 anak', 3),
	(23, 2, 'Lebih dari 3 anak', 4),
	(24, 3, 'kurang dari 51', 1),
	(25, 3, '51-64', 2),
	(26, 3, '65-86', 3),
	(27, 3, '87-100', 4),
	(28, 4, '1 Prestasi', 1),
	(29, 4, '2 Prestasi', 2),
	(30, 4, '3 Prestasi', 3),
	(31, 4, 'Lebih dari 3 prestasi', 4);
/*!40000 ALTER TABLE `detail_kriteria` ENABLE KEYS */;

-- Dumping structure for table pip.kriteria
CREATE TABLE IF NOT EXISTS `kriteria` (
  `id` int(11) NOT NULL AUTO_INCREMENT,
  `kd_kriteria` varchar(100) DEFAULT NULL,
  `kriteria` varchar(50) DEFAULT NULL,
  `sifat` enum('B','C') DEFAULT NULL,
  `bobot` float DEFAULT '0',
  PRIMARY KEY (`id`) USING BTREE
) ENGINE=InnoDB AUTO_INCREMENT=5 DEFAULT CHARSET=latin1;

-- Dumping data for table pip.kriteria: ~4 rows (approximately)
/*!40000 ALTER TABLE `kriteria` DISABLE KEYS */;
INSERT INTO `kriteria` (`id`, `kd_kriteria`, `kriteria`, `sifat`, `bobot`) VALUES
	(1, 'C1', 'Penghasilan', 'C', 4.5),
	(2, 'C2', 'Tanggungan Orang Tua', 'B', 1),
	(3, 'C3', 'Nilai rata-rata raport', 'B', 3.5),
	(4, 'C4', 'Prestasi', 'B', 1);
/*!40000 ALTER TABLE `kriteria` ENABLE KEYS */;

-- Dumping structure for table pip.kriteria_siswa
CREATE TABLE IF NOT EXISTS `kriteria_siswa` (
  `id` int(11) NOT NULL AUTO_INCREMENT,
  `id_pesdik` int(11) DEFAULT NULL,
  `id_kriteria` int(11) DEFAULT NULL,
  `id_detail_kriteria` int(11) DEFAULT NULL,
  PRIMARY KEY (`id`),
  KEY `FK__master_pesdik` (`id_pesdik`),
  KEY `FK__kriteria` (`id_kriteria`),
  KEY `FK__detail_kriteria` (`id_detail_kriteria`),
  CONSTRAINT `FK__detail_kriteria` FOREIGN KEY (`id_detail_kriteria`) REFERENCES `detail_kriteria` (`id`),
  CONSTRAINT `FK__kriteria` FOREIGN KEY (`id_kriteria`) REFERENCES `kriteria` (`id`),
  CONSTRAINT `FK__master_pesdik` FOREIGN KEY (`id_pesdik`) REFERENCES `master_pesdik` (`id`)
) ENGINE=InnoDB AUTO_INCREMENT=125 DEFAULT CHARSET=latin1;

-- Dumping data for table pip.kriteria_siswa: ~16 rows (approximately)
/*!40000 ALTER TABLE `kriteria_siswa` DISABLE KEYS */;
INSERT INTO `kriteria_siswa` (`id`, `id_pesdik`, `id_kriteria`, `id_detail_kriteria`) VALUES
	(109, 145, 1, 16),
	(110, 145, 2, 23),
	(111, 145, 3, 27),
	(112, 145, 4, 28),
	(113, 67, 1, 17),
	(114, 67, 2, 21),
	(115, 67, 3, 24),
	(116, 67, 4, 28),
	(117, 280, 1, 16),
	(118, 280, 2, 20),
	(119, 280, 3, 24),
	(120, 280, 4, 28),
	(121, 89, 1, 17),
	(122, 89, 2, 21),
	(123, 89, 3, 25),
	(124, 89, 4, 28);
/*!40000 ALTER TABLE `kriteria_siswa` ENABLE KEYS */;

-- Dumping structure for table pip.master_pesdik
CREATE TABLE IF NOT EXISTS `master_pesdik` (
  `id` int(10) NOT NULL AUTO_INCREMENT,
  `nama` varchar(100) DEFAULT NULL,
  `jenis_kelamin` enum('L','P') DEFAULT NULL,
  `tanggal_lahir` date DEFAULT NULL,
  `nama_ibu` varchar(100) DEFAULT NULL,
  `nisn` tinytext,
  `tingkat` int(5) DEFAULT NULL,
  `rombongan` varchar(50) DEFAULT NULL,
  PRIMARY KEY (`id`)
) ENGINE=InnoDB AUTO_INCREMENT=340 DEFAULT CHARSET=latin1;

-- Dumping data for table pip.master_pesdik: ~339 rows (approximately)
/*!40000 ALTER TABLE `master_pesdik` DISABLE KEYS */;
INSERT INTO `master_pesdik` (`id`, `nama`, `jenis_kelamin`, `tanggal_lahir`, `nama_ibu`, `nisn`, `tingkat`, `rombongan`) VALUES
	(1, 'AAMIRA NASHITA SETIAWAN', 'P', '2008-09-11', 'IKA ASRI WIDYASTUTI', '0083038884', 5, 'Kelas 5B'),
	(2, 'ABDULLAH MUHAMMAD BADJUBAIR', 'L', '2012-06-28', 'ROSIDAH', '0126027151', 1, 'Kelas 1A'),
	(3, 'ACHMAD FARHAN ABDILLAH', 'L', '2012-07-16', 'SITI MAGHFIROH', '0128103994', 1, 'Kelas 1A'),
	(4, 'ACHMAD UMAR ARIFIN', 'L', '2009-12-29', 'KRISTINA', '0094010464', 4, 'Kelas 4B'),
	(5, 'ADAM PRATAMA WIDIAWAN', 'L', '2010-09-15', 'OKTAVIA WAHYUNINGRUM', '0107464293', 3, 'Kelas 3A'),
	(6, 'ADELIA NASYWA SALSABILA', 'P', '2010-06-19', 'TIAS ANGGRAENI', '0104125477', 3, 'Kelas 3B'),
	(7, 'ADINDA VANESA MAHARANI', 'P', '2007-08-30', 'Tuti Lestari', '0083277012', 6, 'Kelas 6B'),
	(8, 'ADIS DZAKI ARKANA', 'L', '2011-04-02', 'EVI ASTUTI WULANSARI', '0113506115', 3, 'Kelas 3B'),
	(9, 'Aditya Panca Firmansyah', 'L', '2011-07-27', 'Indra Sri Rahayu', '0113320764', 2, 'Kelas 2B'),
	(10, 'AERLANGGA PUTRA VEMBERFINE', 'L', '2010-11-04', 'FITRI ISMARANTI', '0106790836', 3, 'Kelas 3B'),
	(11, 'AESAR ALLYA\'IN ATMAJA RIYADI', 'L', '2012-10-29', 'WINDA ARMITASARI', '3124923339', 1, 'Kelas 1A'),
	(12, 'AF KARINA JULIA RAHMADHANI', 'P', '2012-07-26', 'SOFI PUJI ASTUTI', '0124194429', 1, 'Kelas 1B'),
	(13, 'afika putri tamimah', 'P', '2012-03-26', 'masita andayani', '0129753073', 2, 'Kelas 2A'),
	(14, 'AHMAD FIQHAN HAQIQI', 'L', '2009-01-20', 'LINDA SISWI PRATIWI KUSMAYASARI', '0099094618', 5, 'Kelas 5B'),
	(15, 'AHMAD NAJIBUL AMIN', 'L', '2008-09-02', 'HUSNUL MUAWANAH', '0083595383', 5, 'Kelas 5A'),
	(16, 'AIKHO ADHARA GAVRILDA', 'P', '2012-04-02', 'ARISTA PRADINI', '0121482068', 2, 'Kelas 2A'),
	(17, 'AKHILA ARIESTIA MIRAHANTINI', 'P', '2008-04-19', 'WENNY PRIANTI EKOWATI', '0089117245', 6, 'Kelas 6B'),
	(18, 'AKMAL CHABIBI', 'L', '2007-04-23', 'CHUSNUL CHOTIMAH FATMASARI', '0074538932', 6, 'Kelas 6A'),
	(19, 'ALAUDIN ADINATA AL-RAMADHANI', 'L', '2007-10-05', 'Menik Ritawaty', '0072634594', 6, 'Kelas 6A'),
	(20, 'ALFATIH CHESARZKY JODI KUSUMA', 'L', '2011-11-11', 'TIVIN KASMIATUN', '0115082943', 2, 'Kelas 2B'),
	(21, 'ALIF BARIQ AL-QALBI', 'L', '2009-10-28', 'TRI WAHYUNI MISMAWATI', '0091345189', 4, 'Kelas 4A'),
	(22, 'ALIV AULIA RAMADHANI', 'P', '2008-09-06', 'ROHMAH', '0081979317', 5, 'Kelas 5B'),
	(23, 'ALIYA MIKAILA NUSANTARA', 'P', '2011-07-05', 'MELLINA NAWANG WULAN', '0119780423', 3, 'Kelas 3A'),
	(24, 'ALLMIRA SUKSHMA NEGARA', 'P', '2009-02-19', 'KARTIKA DIAN ANGGRAINI', '0094213903', 5, 'Kelas 5A'),
	(25, 'ALVIN RAMADHAN PRATAMA', 'L', '2010-08-28', 'INDRIANI', '0108150840', 3, 'Kelas 3A'),
	(26, 'ALVINO HUGO SEDONO', 'L', '2012-12-28', 'NANIK VIDAYANTI', '3128510505', 1, 'Kelas 1A'),
	(27, 'ALZENA WENDY AULIA ZAHRA', 'P', '2009-07-24', 'SRI RAHAYU', '0096827595', 5, 'Kelas 5A'),
	(28, 'AMABELLE QUEENBIANCA', 'P', '2010-12-28', 'LEVITHA INDRIANI', '0104025894', 3, 'Kelas 3B'),
	(29, 'AMIRA ARGALOKA ISMARAYARANTI', 'P', '2013-05-01', 'FITRI ISMARANTI', '0132592110', 1, 'Kelas 1B'),
	(30, 'AMRI FADHLI FIRMANSYAH', 'L', '2009-10-09', 'SITI RUWANI', '0097012334', 4, 'Kelas 4A'),
	(31, 'ANANDA JIHAN KAMILA AZZAHRA', 'P', '2013-05-21', 'ROBIATUL MARDIYAH', '0136104486', 1, 'Kelas 1A'),
	(32, 'ANANTA ABDUS SYUKURIANSYAH', 'L', '2007-12-25', 'ERNA FERYANTI', '0076594655', 6, 'Kelas 6A'),
	(33, 'ANANTA AIRLANGGA MUKTI PERMANA', 'L', '2010-11-18', 'DWI MARINA PUJI ASTUTI', '0106868246', 3, 'Kelas 3A'),
	(34, 'anastasya meylivina zahra', 'P', '2012-05-16', 'anita kuswatul chasanah', '0121526065', 2, 'Kelas 2B'),
	(35, 'ANDARU HASYA FAUSTA GANES', 'P', '2007-12-18', 'TRI HANA SUSANTI', '0078045874', 6, 'Kelas 6A'),
	(36, 'ANDHIKA AKBAR ARISHANDY', 'L', '2011-04-17', 'SITI AMINAH', '0111559791', 2, 'Kelas 2B'),
	(37, 'ANDIKA WIRADINATA RIYANTO', 'L', '2007-07-28', 'ISTI WULANDARI', '0073586220', 6, 'Kelas 6B'),
	(38, 'ANDREA BAGAS RAMADHANI', 'L', '2011-03-04', 'TRI AYU PUSPITOSARI', '0116471887', 3, 'Kelas 3A'),
	(39, 'ANGELIA ANGGUN LATHIFA', 'P', '2011-11-03', 'ANGGI PRICILIA', '0116606363', 2, 'Kelas 2B'),
	(40, 'ANINDYA AYU PUTRI PRAMISWARI', 'P', '2009-12-20', 'FARIDA ELISA', '0094022160', 4, 'Kelas 4A'),
	(41, 'ANINDYA DUMA NARISWARI', 'P', '2009-10-19', 'LAISA DESI MAWARTI', '0098299147', 4, 'Kelas 4A'),
	(42, 'ANISA AVRILLIA', 'P', '2012-04-22', 'RR ERWINA PURWANTI', '0122196958', 2, 'Kelas 2A'),
	(43, 'ANJASYAH EGA RAMADHAN', 'L', '2007-09-28', 'Melinda Rahma', '0076686601', 6, 'Kelas 6B'),
	(44, 'ANNISA AHLAQUL KARIMA', 'P', '2008-08-05', 'RETNO MARDIWAHYUNI', '0089000560', 6, 'Kelas 6A'),
	(45, 'ANTON MALILID MAHARANI', 'L', '2009-10-20', 'ANIK SULASTRI', '0098142162', 4, 'Kelas 4A'),
	(46, 'ANUGRAH DAVIE ARRASYID', 'L', '2009-11-19', 'SUCIK ENDANG WAHYUNINGSIH', '0098062031', 4, 'Kelas 4A'),
	(47, 'AQIL NUH AFARIZQI', 'L', '2010-07-19', 'UMIK SEPTUS MUNAWAROH', '0104581165', 4, 'Kelas 4B'),
	(48, 'AQILA ZAHIRA AISYAHRINI', 'P', '2010-09-20', 'ARNIYATI', '0105462489', 4, 'Kelas 4A'),
	(49, 'AQILLA KHANZA PUTRA', 'L', '2011-06-23', 'Luluk Fitriani', '0117909696', 2, 'Kelas 2B'),
	(50, 'ARDHAN REZKY NARAYA', 'L', '2009-06-23', 'DEWI ANGGOROWATI', '0093385148', 4, 'Kelas 4B'),
	(51, 'ARDIANSYAH SURYA PRATAMA', 'L', '2007-10-23', 'NURUL HANDAYANI', '0074043236', 6, 'Kelas 6B'),
	(52, 'Arel Pakhrisal', 'L', '2011-04-30', 'Sri Wahyuni', '0111037664', 2, 'Kelas 2B'),
	(53, 'ARMAND SHEEHAN ABDULLAH', 'L', '2011-04-19', 'YUYUN HARIATI', '0111294839', 3, 'Kelas 3A'),
	(54, 'ARSATYA ZIDAN ATHAILLAH', 'L', '2011-09-17', 'RATNA DEWI ANGGRAENI', '0113009202', 2, 'Kelas 2A'),
	(55, 'ARUNA ALAMSYAH SETIAWAN', 'L', '2012-05-06', 'DEWI ANGGOROWATI', '0128249542', 2, 'Kelas 2B'),
	(56, 'ARYASATYA ENDAH PUTRA WIJAYA', 'L', '2011-09-05', 'SARASITEM', '0111031878', 2, 'Kelas 2B'),
	(57, 'ASHILA SEKAR SALSABILLA', 'P', '2013-02-13', 'YETTY SURYANI', '0136154456', 1, 'Kelas 1B'),
	(58, 'ASRI AQILA YHARA', 'P', '2012-03-10', 'DEWI KHANIFAH', '0127359803', 1, 'Kelas 1A'),
	(59, 'ASSYARIVA AR-RASYIID ALAMSYAH', 'P', '2009-03-13', 'TAUFIK RATNA NINGTYAS', '0093523812', 5, 'Kelas 5B'),
	(60, 'ASSYFA ADIO PAMUNGKAS', 'L', '2011-01-27', 'CITRA ANGGRAENI', '0114627838', 3, 'Kelas 3B'),
	(61, 'ASTRID AYU FITRIA', 'P', '2010-11-13', 'MUFIDA FITRIA', '0102258686', 3, 'Kelas 3A'),
	(62, 'ATALANTA AL AZEEM ALAMSYAH', 'L', '2007-09-20', 'TAUFIK RATNANINGTYAS', '0077704960', 6, 'Kelas 6A'),
	(63, 'AULIA NISA DESTA NOVANDHA', 'P', '2009-11-29', 'ANISSA RANI HASAN', '0096298106', 4, 'Kelas 4B'),
	(64, 'AULIA NOORHASANAH MANGROVEA', 'P', '2008-11-02', 'AMALLA RAINITA INDRA', '0086737104', 5, 'Kelas 5A'),
	(65, 'AURILIA ARFININGDYA PUTRI', 'P', '2010-10-06', 'FIFI PUSPITASARI', '0104437447', 3, 'Kelas 3B'),
	(66, 'AVARA SALSABILA WIDHIE CAHYA PUTRI SUGIARTO', 'P', '2012-05-28', 'WINARTI', '3124690762', 1, 'Kelas 1B'),
	(67, 'AVIVAH NUR CAHYANI', 'P', '2012-01-28', 'NISWATI', '0124158804', 3, 'Kelas 3B'),
	(68, 'AVRIL ZARIN FRIDIANA', 'P', '2010-04-16', 'MARDIANA', '0106807898', 4, 'Kelas 4A'),
	(69, 'Ayunda Silvi Fardiansyah', 'P', '2012-01-11', 'Indah Suyanti', '0122389593', 2, 'Kelas 2A'),
	(70, 'AZKA RADITYA APRIYANTO', 'L', '2009-04-23', 'SITI NUR AISYAH', '0091647475', 5, 'Kelas 5A'),
	(71, 'AZRA AZALIA LAZUARDI', 'P', '2013-03-16', 'DEWI ERVINA SARI', '3138227936', 1, 'Kelas 1B'),
	(72, 'Azrea Exzel Granada', 'L', '2011-05-14', 'Indah Fitria Ayuningsih', '0119994945', 2, 'Kelas 2B'),
	(73, 'BAGAS TEGAR PRAKOSO', 'L', '2010-05-09', 'SUMANTI', '0105871920', 4, 'Kelas 4A'),
	(74, 'BALQIS DEWI KEISYA', 'P', '2008-05-30', 'AGUSTIN IKAWATI', '0085442007', 5, 'Kelas 5A'),
	(75, 'BAYU FITRA PRATAMA', 'L', '2012-04-27', 'DORCE KAWANDODA', '0128079621', 3, 'Kelas 3A'),
	(76, 'BAYU SUKARNO RIAWAN', 'L', '2007-09-17', 'KOMARIYAH', '0074359332', 6, 'Kelas 6B'),
	(77, 'BAYUAJI ALAM SHAH', 'L', '2010-10-03', 'WIDYA WULANDARI', '0107321276', 3, 'Kelas 3A'),
	(78, 'BIMA RADITYA NUGROHO', 'L', '2009-04-02', 'THERESIA SUWARDI ASTUTI', '0092987915', 5, 'Kelas 5B'),
	(79, 'BIMASAKTI FAUZAN ADZIM', 'L', '2007-10-13', 'JIHAN SAFTIRI', '0078174831', 6, 'Kelas 6B'),
	(80, 'BINTANG ANDY ESA PUTRA', 'L', '2009-10-30', 'MAGDALENA ANITA YUYUN WULANDARY', '0097567726', 3, 'Kelas 3B'),
	(81, 'BINTANG VANDI PRATAMA', 'L', '2010-10-20', 'LIA SASMITA ANGGRAENI', '0104668681', 3, 'Kelas 3A'),
	(82, 'BRANDON ALINSKY VANODITTRA', 'L', '2010-11-30', 'NANCY APHRODITTA', '0108272114', 3, 'Kelas 3A'),
	(83, 'BRIAN A-THALLAH WIRYAWAN', 'L', '2010-01-14', 'INA SUDARYATI', '0102605122', 4, 'Kelas 4B'),
	(84, 'BUNGA NAJWA AISYAH', 'P', '2009-02-07', 'WIWIK SANTOSA', '0097486345', 5, 'Kelas 5B'),
	(85, 'CAMILA ADINDA RAMADHANI', 'P', '2007-09-17', 'Juminten', '0071188480', 5, 'Kelas 5A'),
	(86, 'CATUR LINTANG PUTRI RAHAYU', 'P', '2011-09-06', 'SUSANAH MUJI RAHAYU', '0119276207', 1, 'Kelas 1B'),
	(87, 'CELINE ESTERLITA DIANGGRA', 'P', '2008-06-20', 'DIAN PRIHARTINI', '0089754785', 6, 'Kelas 6A'),
	(88, 'CHANDRA KARUNIA HUTAMA', 'L', '2007-02-11', 'SUSAN RINA HERMILIA', '0072189012', 6, 'Kelas 6B'),
	(89, 'CHANTIKA GEANANDA VIRLINA PUTRI', 'P', '2011-10-18', 'LILIK KHOTIJAH', '0111868312', 2, 'Kelas 2B'),
	(90, 'CHERYL FAUZIAH PUTRI SYAMTIAR', 'P', '2010-10-08', 'PUTRI AYU JANUARI', '0106879161', 3, 'Kelas 3A'),
	(91, 'CHIKO DWI PRATAMA', 'L', '2012-01-11', 'BAWON MUDJIATIN', '0121144547', 2, 'Kelas 2A'),
	(92, 'CHILA MAELA ATHA NAZAFARIN', 'P', '2010-05-07', 'ITA MAULLIDHA', '0109001060', 4, 'Kelas 4A'),
	(93, 'Citra Putri Dewi', 'P', '2008-05-16', 'Winarti', '0087231644', 6, 'Kelas 6A'),
	(94, 'DAFFA PAUNDRA GANDI', 'L', '2008-07-15', 'SISKA DEWI ARIFIYANTI', '0087976365', 6, 'Kelas 6A'),
	(95, 'DANIEL ARKA NAUVAL', 'L', '2012-02-24', 'SITI NUR LAILIK', '0122953008', 1, 'Kelas 1B'),
	(96, 'DARMA MAULANA IRSAD ABDILLAH ANANTA', 'L', '2008-03-26', 'AINUL FARCHAH', '0086244412', 5, 'Kelas 5A'),
	(97, 'DARREL ZAKI ARYASATYA', 'L', '2011-02-13', 'MISNAYU', '0118766777', 3, 'Kelas 3A'),
	(98, 'Demas Agung Putra Haryono', 'L', '2011-12-31', 'Riken Praharnita', '0113686365', 2, 'Kelas 2A'),
	(99, 'DENNIS HARI SURYA PRAYOGI', 'L', '2008-04-28', 'Yeti Suryani', '0082700903', 6, 'Kelas 6B'),
	(100, 'DEVA NATALIA SAILANI', 'P', '2009-12-24', 'SITI ROMELAH', '0091154912', 4, 'Kelas 4B'),
	(101, 'DEVAN DWI DARMAWAN', 'L', '2011-03-21', 'LILIK SARITI', '0117485754', 3, 'Kelas 3A'),
	(102, 'DEVANO RISQI SAPUTRA', 'L', '2010-12-28', 'WINARTI', '0104391636', 3, 'Kelas 3B'),
	(103, 'DEVANO TRI WARDHANA ARIANTO', 'L', '2012-07-30', 'KUSWATUL KASANAH', '0128513496', 1, 'Kelas 1B'),
	(104, 'DEVIN SATYA WIDHIE CAHYA PUTRA SUGIARTO', 'L', '2009-02-17', 'WINARTI', '0091954761', 5, 'Kelas 5A'),
	(105, 'DEVINA GITA CAHYANI', 'P', '2013-04-26', 'Erni Erwanti', '0133228731', 1, 'Kelas 1A'),
	(106, 'DEWI BALQIS', 'P', '2011-02-18', 'FARIKA ALWAHYUNI', '0112637138', 3, 'Kelas 3A'),
	(107, 'DHALIA EKA PUTRI FIRMANDA', 'P', '2009-12-10', 'RIA DWI KURNIA PUTRI', '0095254945', 5, 'Kelas 5B'),
	(108, 'DINA MARCELIA PUTRI', 'P', '2013-03-09', 'INTRAT SULISTINA', '3131701265', 1, 'Kelas 1B'),
	(109, 'DINAR MAULITA', 'P', '2008-03-19', 'YANTI LESTARI', '0085878719', 5, 'Kelas 5A'),
	(110, 'DJAWARA FARID FERIAWAN', 'L', '2011-06-03', 'MILASARI', '0112933342', 2, 'Kelas 2A'),
	(111, 'DONI OKI SETIAWAN', 'L', '2007-10-23', 'SUSMIYATI', '0074470330', 6, 'Kelas 6B'),
	(112, 'EBENHAEZER LOUSIANO WIBOWO', 'L', '2009-02-17', 'SANTA LUSIAN YUNIAWATI', '0099756205', 5, 'Kelas 5B'),
	(113, 'ECA ANISA NUR\'AINI BUSONO', 'P', '2011-09-24', 'WIWIK SUWARDANINGRUM', '0117510988', 2, 'Kelas 2B'),
	(114, 'EKA RAYSA RAHMAWATI', 'P', '2010-09-28', 'TRI AGUSTINA', '0104451422', 3, 'Kelas 3A'),
	(115, 'ELVINA INDRI MAHARANI', 'P', '2012-02-14', 'Ita Agus Anggraini', '0125768916', 2, 'Kelas 2B'),
	(116, 'EMMANUEL THEODORAN CHRISTIAWAN', 'L', '2012-03-13', 'EFTAWATI', '0129891354', 1, 'Kelas 1B'),
	(117, 'ERGY SATRIA PUTRA RAHARDI', 'L', '2008-10-04', 'SUHARTINI', '0084233716', 5, 'Kelas 5B'),
	(118, 'EWI FEBIANTO BUSONO', 'P', '2009-02-19', 'WIWIK SUWARDANINGRUM', '0099925754', 5, 'Kelas 5B'),
	(119, 'EXCELLINO REZA ARIASUTA', 'L', '2009-04-28', 'SUNARNI', '0092614590', 5, 'Kelas 5B'),
	(120, 'FAARIHUN IBRAHIM SUBAGYO', 'L', '2009-11-16', 'SRIVANDA PULOMODOYO', '0096132387', 4, 'Kelas 4A'),
	(121, 'FABIAN ALMAYIDAH YUSUF', 'L', '2011-06-09', 'BETI SUPRIHATIN', '0114604941', 2, 'Kelas 2A'),
	(122, 'FADHILLA RIZKY SUBAGYO', 'L', '2009-07-12', 'SRI MARYANI', '0092035429', 4, 'Kelas 4B'),
	(123, 'FAIZA AILEEN ROSY SETYA BAKTI', 'P', '2011-09-01', 'MAMIK INDAH NURAYUMI', '0111241576', 3, 'Kelas 3A'),
	(124, 'FAIZAH AINNUR RIZQIYA', 'P', '2008-07-06', 'NIRA KRISNAWATI', '0087491495', 6, 'Kelas 6A'),
	(125, 'FAJRIAL BINTANG RAMADHAN', 'L', '2008-09-05', 'CITRA ANGGRAENI', '0083201104', 5, 'Kelas 5B'),
	(126, 'FARAS DAFFA RAHMANSA', 'L', '2007-07-02', 'IMELDA MEIRANIA MUSTIKASARI', '0078638435', 6, 'Kelas 6B'),
	(127, 'FARRELINO AZAN SYAHPUTRA', 'L', '2011-06-27', 'AJENG AYU MEKAR SARI', '0116497730', 2, 'Kelas 2A'),
	(128, 'FATIMATUZ ZAHRA', 'P', '2008-08-18', 'SITI MAGHFIROH', '0082236698', 6, 'Kelas 6A'),
	(129, 'FAUZAN NOUVA ARYANA', 'L', '2007-11-09', 'DEWI ANGGOROWATI', '0079668785', 6, 'Kelas 6A'),
	(130, 'FAUZIYAH LATIF AZMI', 'P', '2009-12-05', 'ERNIWATI', '0097326417', 4, 'Kelas 4B'),
	(131, 'FERNANDO KRISNA HERLINGGA JAYA', 'L', '2008-02-16', 'Nanik Vidayanti', '0065280380', 6, 'Kelas 6B'),
	(132, 'FIKO MAREL FIO', 'L', '2007-03-22', 'NGATEMI YULI INDRIATI', '0072211474', 6, 'Kelas 6B'),
	(133, 'FINA RIHAADATUL \'AISY', 'P', '2011-02-12', 'ASTUNING ZOELAIKAH', '0116330164', 3, 'Kelas 3B'),
	(134, 'FIRLYO MIKKY DANENDRA', 'L', '2013-04-28', 'AMANDA MARSISKA', '3134155918', 1, 'Kelas 1A'),
	(135, 'FITRI RASYIDINA', 'P', '2009-01-15', 'HUMAIDA SOFIA BARDINA', '0096018635', 5, 'Kelas 5B'),
	(136, 'FRYCHILLEA ASHYVALENA', 'P', '2011-02-18', 'SULIFAH SUSMIATI', '0113647013', 3, 'Kelas 3B'),
	(137, 'GADIS NOVENKA GINOMI', 'P', '2007-11-07', 'AULIA KURNIAWATI', '0078244358', 6, 'Kelas 6B'),
	(138, 'GESYA EVELLINA PUTRI', 'P', '2012-10-05', 'FIRLITA YURISTIARINI', '3128344486', 1, 'Kelas 1B'),
	(139, 'GHINA AMIRAH', 'P', '2009-06-01', 'NOVI ALFIANTI', '0097597543', 5, 'Kelas 5A'),
	(140, 'gisella devinia leonora', 'P', '2013-04-27', 'ela susana', '0131640621', 1, 'Kelas 1A'),
	(141, 'GITA KUNTI RYANTI', 'P', '2009-09-08', 'SUGIYAH', '0098504077', 4, 'Kelas 4B'),
	(142, 'GITA MEI SARAH AMALIA', 'P', '2008-05-09', 'PONINTEN ANGGRAENI', '0084185068', 6, 'Kelas 6B'),
	(143, 'GRACIELLA AGNESIA TUMBELAKA', 'P', '2010-08-21', 'ESTER YULIANA', '0102876256', 2, 'Kelas 2A'),
	(144, 'HAFFIS ARKHAN FABIANSA', 'L', '2012-09-15', 'IMELDA MEIRANIA MUSTIKASARI', '0128309360', 1, 'Kelas 1A'),
	(145, 'HAFIZAH JAMI\'ATUS ZAHRO', 'P', '2011-06-07', 'MUSLIHAH', '0118783408', 2, 'Kelas 2A'),
	(146, 'HANA LOVELY TRI AGUSTIN', 'P', '2012-02-11', 'LILIK RUMIATI ALM', '3124463938', 1, 'Kelas 1B'),
	(147, 'Haura Aqila Humaira', 'P', '2013-06-29', 'Mellina Nawang Wulan', '0135997869', 1, 'Kelas 1A'),
	(148, 'HAYKAL IBRAHIM', 'L', '2011-04-26', 'DAYU REZA PURNAMASARI', '0115574948', 3, 'Kelas 3B'),
	(149, 'HERSYA ZAKII RYSKI HERMAWAN', 'L', '2008-05-04', 'SUINDRAYANI', '0081567901', 6, 'Kelas 6B'),
	(150, 'HILDUANUS PUTRA CHRISTIAN', 'L', '2010-12-19', 'ENDANG PURWANTI', '0103880210', 3, 'Kelas 3B'),
	(151, 'ILYAS ADITYA TRI PAMUNGKAS', 'L', '2012-03-08', 'YUYUN WARASWATI', '0126903130', 2, 'Kelas 2A'),
	(152, 'INTAN MAYHAWA', 'P', '2009-02-12', 'SUPIN INDRIANA', '0093802994', 5, 'Kelas 5B'),
	(153, 'IQBAL RIZKY FAIZI', 'L', '2011-07-12', 'SUPINAH', '0116182541', 2, 'Kelas 2A'),
	(154, 'IRBAH ROBI\'AH AL \'ADAWIYAH', 'P', '2013-05-03', 'ASTUNING ZOELAIKAH', '0139144106', 1, 'Kelas 1B'),
	(155, 'IRGIN THREEA OLIVIANE', 'P', '2008-12-05', 'TITIN PUJI ASTUTIK', '0088028506', 5, 'Kelas 5A'),
	(156, 'IRSYAD NAZRIN AROFA', 'L', '2009-03-15', 'YESSI PRAYUWANA AMAR SAKTI', '0094412554', 5, 'Kelas 5B'),
	(157, 'IYAN SANDI KARISMA', 'L', '2009-03-29', 'SUNARTI', '0098530831', 3, 'Kelas 3B'),
	(158, 'JASMINE AULIA AZZAHRA', 'P', '2008-07-01', 'INDAH TRI WAHYUNI', '0081378953', 5, 'Kelas 5B'),
	(159, 'JASMINE AYU AZZAHRA', 'P', '2010-03-22', 'RITA HERYANI', '0105630493', 4, 'Kelas 4B'),
	(160, 'JAVAS DIL NAWAZ', 'L', '2010-04-13', 'IRA MUSTIKA PRABA', '0105060997', 4, 'Kelas 4B'),
	(161, 'Jefri Setiawan Pratama', 'L', '2008-01-25', 'Siti Mutmainah', '0081421069', 6, 'Kelas 6A'),
	(162, 'JENIARA ARSENALIA SHOLEILUNA', 'P', '2009-12-31', 'CHRISTIN DWI HANDAYANI', '0097522604', 4, 'Kelas 4B'),
	(163, 'JENY ZAZKIA SYAHPUTRI', 'P', '2008-01-06', 'WAHYUNDARI', '0087969455', 6, 'Kelas 6A'),
	(164, 'JESICA CAHYA FATIKA', 'P', '2011-12-27', 'SUNAYAH', '0117438797', 2, 'Kelas 2A'),
	(165, 'Jibril Rahmada Prasetyo', 'L', '2009-01-29', 'Erniyusmita', '0094486597', 4, 'Kelas 4B'),
	(166, 'JONATHAN SHANE DAVIS', 'L', '2007-10-16', 'ENDAH WAHYU TYAS AMBARWATI', '0072123925', 6, 'Kelas 6A'),
	(167, 'Jovan Samalin Ardynata', 'L', '2011-01-08', 'Adang Nurwati', '0115277516', 2, 'Kelas 2B'),
	(168, 'JOVITA ARTIKA SUPRIYADI', 'P', '2007-07-17', 'MAYA PUSPITA SARI', '0073883364', 6, 'Kelas 6A'),
	(169, 'JUANITA FREYA NAFEEZA', 'P', '2012-06-23', 'IRAWATI', '0128043380', 1, 'Kelas 1A'),
	(170, 'JUNNIOR HARI SURYA UTAMA', 'L', '2009-06-16', 'SURIYATIK', '0094440376', 4, 'Kelas 4A'),
	(171, 'KAILA AFIFAH PUTRI', 'P', '2013-03-18', 'PUJI ASTUTI', '0136324167', 1, 'Kelas 1A'),
	(172, 'KARIMATUZZAHRAH', 'P', '2010-04-16', 'RIA WAHYUNINGSIH', '0107217114', 3, 'Kelas 3B'),
	(173, 'Karina Citra Anggraini', 'P', '2007-08-20', 'Iin Kristiana', '0078632557', 6, 'Kelas 6B'),
	(174, 'KARISMA PUTRI RINJANI', 'P', '2009-09-08', 'DEWI INDRIYANI', '0092704988', 4, 'Kelas 4A'),
	(175, 'KARISSA ZULEIKA', 'P', '2008-12-14', 'BAWON RAHAYU SLAMET', '0086960569', 5, 'Kelas 5B'),
	(176, 'KAYLA AYU RAMADHANI', 'P', '2007-10-08', 'DIAH RATNAWATI', '0076023266', 6, 'Kelas 6B'),
	(177, 'KENNO IRZIE ZILQWIN', 'L', '2008-04-20', 'RINA KRISMA NOVITA', '0087920003', 6, 'Kelas 6A'),
	(178, 'KENZIE JAVAS NISCALA', 'L', '2012-09-19', 'ANISAH AMBARWATI', '0128786356', 1, 'Kelas 1A'),
	(179, 'kenzie nuh aristyan', 'L', '2011-12-18', 'nurul chasanah', '0116027258', 2, 'Kelas 2A'),
	(180, 'KEVIANO RANGGA ALAMSYAH', 'L', '2011-03-21', 'ELIES FATUKAH', '0113332383', 2, 'Kelas 2A'),
	(181, 'KEVIN KALLE ZIVALA', 'L', '2010-09-12', 'DWI MELANI', '0103104763', 3, 'Kelas 3B'),
	(182, 'KEYSA JIHAN FARADIBA', 'P', '2011-06-11', 'ANIS PUSPITA INDAH', '0111926940', 3, 'Kelas 3A'),
	(183, 'KHANSA AYUNINDYA ARISKA AZZAHRA', 'P', '2012-06-29', 'RINI INDAH RIKA', '0125016391', 2, 'Kelas 2B'),
	(184, 'KHANSA DWI NOVITASARI', 'P', '2009-11-07', 'LESTARI WIDIASTUTI', '0099716233', 4, 'Kelas 4B'),
	(185, 'KHANSA RAFFI ALVARO', 'L', '2011-01-07', 'DIAH RATNAWATI', '0111349621', 3, 'Kelas 3B'),
	(186, 'KYANNU KAMIL SURYA PRAMANA', 'L', '2012-12-24', 'SURIYATIK', '0127640294', 1, 'Kelas 1B'),
	(187, 'LEOLITA ALISYA FANAYA', 'P', '2010-05-26', 'MAMIK YULIANA', '0105543113', 4, 'Kelas 4A'),
	(188, 'LINGGA AZHAR YUASPUTRA', 'L', '2008-10-06', 'SHANTI AYUHANDAYANI', '0086855371', 5, 'Kelas 5A'),
	(189, 'LIONEL ICAN DEXTAFENDA', 'L', '2010-03-04', 'Anita Dwi Ningrum', '0107169227', 4, 'Kelas 4B'),
	(190, 'LUCKYTA MAULANA RIZKY WIBOWO', 'L', '2010-03-27', 'WIWIK INDAWATI', '0102995337', 4, 'Kelas 4A'),
	(191, 'MAHIRA AYUDIA LESTARI', 'P', '2011-07-18', 'RUSILAH', '0116242546', 3, 'Kelas 3A'),
	(192, 'MALIKA AISYAH RAMADHANTI', 'P', '2009-09-14', 'SUNARMI', '0092091914', 4, 'Kelas 4A'),
	(193, 'MAULANA JALALUDIN AR RAFAEL', 'L', '2008-08-21', 'SUNARTI', '0082574892', 5, 'Kelas 5A'),
	(194, 'MAYANG SARI PUTRI RAHAYU', 'P', '2009-08-29', 'SUSANAH MUJI RAHAYU', '0093054547', 4, 'Kelas 4B'),
	(195, 'MAYLA ASYIFA MAHARANI', 'P', '2010-05-06', 'SUSANTI HERAFAFIA', '0101808857', 3, 'Kelas 3B'),
	(196, 'MEYSE ANGGITA SEFRILIA', 'P', '2011-01-29', 'SUMISNI', '0116415060', 3, 'Kelas 3A'),
	(197, 'MOCH \'ALI HAROZIM', 'L', '2011-07-20', 'SITI CHOTIJAH', '0113628585', 3, 'Kelas 3B'),
	(198, 'MOCH RIZKY EKAPUTRA', 'L', '2008-07-03', 'SISKA AYU MAHARANI', '0084394677', 5, 'Kelas 5B'),
	(199, 'Mochamad Nadika Yusuf Pratama', 'L', '2012-03-23', 'Susiana', '0125198745', 2, 'Kelas 2A'),
	(200, 'MOCHAMMAD ARIEF RIZKYTAMA', 'L', '2010-10-13', 'RISKI PRICILIA', '0107860428', 3, 'Kelas 3B'),
	(201, 'MOCHAMMAD ARIK SAPUTRA', 'P', '2012-04-05', 'NURUL', '0122494522', 1, 'Kelas 1A'),
	(202, 'MOCHAMMAD FAYYAZ EL ZORA RAHMATULLAH', 'L', '2009-02-13', 'NUR LAILY MAHMUDAH', '0093743660', 4, 'Kelas 4A'),
	(203, 'MOCHAMMAD KYANO AR RASYID', 'L', '2014-07-03', 'ANIS NURLINDAWATI', '0132016729', 1, 'Kelas 1A'),
	(204, 'MOCHAMMAD NASYIR ALMAKI', 'L', '2008-07-12', 'CHUSNUL CHOTIMAH FATMASARI', '0084078901', 4, 'Kelas 4B'),
	(205, 'MOCHAMMAD RIEZKY YUSTISI ANANDA', 'L', '2009-12-26', 'JULI KUSUMANINGRUM, S.Pd', '0095974003', 4, 'Kelas 4A'),
	(206, 'MOCHAMMAD RIZKY ADITYA', 'L', '2011-04-15', 'NANING PRASTIWI', '0115296352', 3, 'Kelas 3A'),
	(207, 'MOHAMAD DARWIN EKA SAPUTRA', 'L', '2008-10-25', 'AGUSTIWINAWATI', '0087460427', 4, 'Kelas 4B'),
	(208, 'MOHAMMAD RAY ADJIE HARYONO', 'L', '2009-09-01', 'RIKEN PRAHAMITA', '0092188604', 4, 'Kelas 4A'),
	(209, 'MOHAMMAD YUSUF FADHILLAH RIZQI', 'L', '2011-06-30', 'SRI MURTININGDYAH', '0114189559', 2, 'Kelas 2A'),
	(210, 'MUCHAMAD ANDRA AFRIZZA', 'L', '2007-11-27', 'IZA MASRUROH', '0075077998', 6, 'Kelas 6A'),
	(211, 'MUCHAMMAD REZA PUTRA ARIF WARDHANA', 'L', '2010-01-27', 'HINDUN SOLIKHAH', '0102008134', 4, 'Kelas 4A'),
	(212, 'MUHAMAD MIRZA ARRASYID', 'L', '2013-02-28', 'Dina Irmawati', '0132608046', 1, 'Kelas 1B'),
	(213, 'MUHAMMAD AKBAR AZMI AL AYUBI', 'L', '2008-01-16', 'ANGGRAENI KUSUMA ASIH', '0081703708', 5, 'Kelas 5A'),
	(214, 'MUHAMMAD AKMAL MAULANA HIDAYAT', 'L', '2007-08-15', 'LILIK RAHAYU', '0073391154', 6, 'Kelas 6B'),
	(215, 'MUHAMMAD AL AYYUBI', 'L', '2008-03-19', 'NUR SITI', '0086460691', 6, 'Kelas 6A'),
	(216, 'MUHAMMAD ALFARIZZI FIRDAUS', 'L', '2009-06-18', 'SETYO SRI SUMAYANTI', '0096554504', 4, 'Kelas 4B'),
	(217, 'MUHAMMAD AMRU SAVERO', 'L', '2007-08-18', 'RETNO HARTAMI T', '0072262048', 6, 'Kelas 6B'),
	(218, 'MUHAMMAD ARIZQYA RAMADHAN', 'L', '2008-06-11', 'DWI HARTININGTYAS', '0089364689', 6, 'Kelas 6A'),
	(219, 'MUHAMMAD ARZEIN RUCHIN', 'L', '2012-02-22', 'DESI WULANDARI', '0129128801', 1, 'Kelas 1B'),
	(220, 'MUHAMMAD FIQRI ABDURRAHMAN', 'L', '2011-04-12', 'RUMIAYEM', '0113909866', 3, 'Kelas 3B'),
	(221, 'MUHAMMAD HAMDAN SYAKURON', 'L', '2010-12-23', 'NOVITA ANGGRAENI PUJI LESTARI', '0107186346', 3, 'Kelas 3B'),
	(222, 'MUHAMMAD MIRZHA AL-FADILLAH', 'L', '2008-01-27', 'Mardiani Widaya', '0086152974', 6, 'Kelas 6B'),
	(223, 'MUHAMMAD NAUFAL', 'L', '2012-03-03', 'ROKIDAH', '0127731594', 1, 'Kelas 1B'),
	(224, 'MUHAMMAD NAUFAL ARROHMAN', 'L', '2011-02-24', 'NUR SITI', '0115338689', 3, 'Kelas 3B'),
	(225, 'MUHAMMAD NIZAR AL FARISI', 'L', '2008-08-03', 'SUNARMI', '0086437149', 5, 'Kelas 5B'),
	(226, 'MUHAMMAD OCTA ANDI WIJAYA', 'L', '2010-02-07', 'NUR SYADIYA MAURISA', '0104993804', 4, 'Kelas 4B'),
	(227, 'MUHAMMAD RAFIF AYDIN SUSANTO', 'L', '2009-04-03', 'ANIS SETYAWATI', '0094113062', 4, 'Kelas 4B'),
	(228, 'Muhammad Restu Indrawan', 'L', '2008-01-15', 'Sri Nurhayati', '0088762407', 6, 'Kelas 6A'),
	(229, 'MUHAMMAD RIZKY ARTHA YUDHA', 'L', '2010-01-15', 'ARNY LISTIYOWATI', '0109090861', 4, 'Kelas 4B'),
	(230, 'MUHAMMAD SULTAN HAIKAL RAMADHAN', 'L', '2009-08-15', 'AYU SUKAWATI', '0099814518', 4, 'Kelas 4A'),
	(231, 'NABILA ALISYA NIRMALA', 'P', '2009-08-18', 'SULIKAH', '0095781400', 4, 'Kelas 4A'),
	(232, 'nabila almeyra putri', 'P', '2012-05-05', 'tri agustina', '0127576211', 1, 'Kelas 1B'),
	(233, 'NABILA KHALISAH AZ-ZAHRA', 'P', '2010-05-15', 'WIWIT NURWIDYANINGTYAS', '0107123233', 4, 'Kelas 4B'),
	(234, 'NADHIFA KHANSA RAMADHANI', 'P', '2009-09-28', 'TRI MASTUTI', '0093740455', 4, 'Kelas 4A'),
	(235, 'NAJWA GHANIA PUTRI UTOMO', 'P', '2007-03-17', 'MAYA CARMELITA', '0071049724', 6, 'Kelas 6B'),
	(236, 'NAKATA PUTRA DANDI ISYAROH', 'L', '2010-11-10', 'YENI HIDAYATI', '0105224113', 3, 'Kelas 3A'),
	(237, 'Natasya Lovenia Jovanka', 'P', '2007-12-28', 'Evi Yuliati', '0075494722', 5, 'Kelas 5A'),
	(238, 'NAUFAL RIZKI PRASETYO', 'L', '2008-04-07', 'NOVI MIRAWATI', '0085157891', 6, 'Kelas 6B'),
	(239, 'NAURA SALSABILA AZ-ZAHRA', 'P', '2010-08-06', 'ENDAH WIJAYANTI', '0092927138', 4, 'Kelas 4B'),
	(240, 'NAYRA AURELLIA RACHMAN', 'P', '2008-10-26', 'YANTI RETNOSARI', '0083672807', 6, 'Kelas 6A'),
	(241, 'NAYSILLA ALYA ZAHRA', 'P', '2008-05-14', 'PRASETYA NINGSIH', '0084781225', 6, 'Kelas 6A'),
	(242, 'NAZLIL ABROR HAMIZAN', 'L', '2007-10-05', 'UMAIRAH HASSANAH', '0071658164', 6, 'Kelas 6A'),
	(243, 'Nazril Iqbal Adipratama', 'L', '2008-02-09', 'Sarofah', '0084912471', 6, 'Kelas 6A'),
	(244, 'nazzwa putri savina', 'P', '2013-02-19', 'puji pusposari', '0138312003', 1, 'Kelas 1B'),
	(245, 'NINDYA KAYANA', 'P', '2008-12-12', 'WINARTI WULANDARI', '0089290814', 5, 'Kelas 5A'),
	(246, 'NIRWANSYA RYSKI HERMAWAN', 'L', '2012-02-22', 'SUINDRA YANI', '0123376959', 2, 'Kelas 2B'),
	(247, 'NISA AZ ZAHRAA RAMADHANI', 'P', '2012-08-05', 'SITI FADILAH', '0128848672', 1, 'Kelas 1A'),
	(248, 'NONA ANJANIE OZORA', 'P', '2012-03-30', 'FIKA LARASATI', '0128228711', 2, 'Kelas 2B'),
	(249, 'NOVITA ZAHRA SIBURIAN', 'P', '2012-06-18', 'PATIMAH TANJUNG', '3124089541', 2, 'Kelas 2A'),
	(250, 'NURAQEELA CALLISTA NAURA', 'P', '2013-04-25', 'TETY KARTIKASARI', '0136633860', 1, 'Kelas 1A'),
	(251, 'OCTAVIANA PUTRI CAHYA NINGRUM', 'P', '2008-10-31', 'TITIK WIJAYANTI', '0086186360', 5, 'Kelas 5B'),
	(252, 'OKANIO HAIDAR ALFARIZI', 'L', '2012-10-20', 'SITI MARIANI', '3128936166', 1, 'Kelas 1B'),
	(253, 'Oktavia Isnaini Solikhatul Ilmi', 'P', '2012-10-05', 'Siti Solicha', '0127387594', 1, 'Kelas 1A'),
	(254, 'oktavino anugrah setiawan', 'L', '2011-10-06', 'sukati', '0114103137', 2, 'Kelas 2A'),
	(255, 'OKTAVIOLA ANGELIA ROSA', 'P', '2010-10-16', 'ISTIANAH', '0102741086', 2, 'Kelas 2B'),
	(256, 'PRADHIPTA YUGA PRATAMA', 'L', '2008-05-31', 'SARI WIDAYANTI', '0082923752', 5, 'Kelas 5A'),
	(257, 'PUTRI AMELIYA', 'P', '2010-05-31', 'SUSMIYATI', '0109915894', 4, 'Kelas 4A'),
	(258, 'PUTRI AYU RHAEIMAWASTI', 'P', '2008-09-27', 'IKA WIJAYANTI', '0088015381', 5, 'Kelas 5B'),
	(259, 'QUEENZHA ALQIE ELF THALITA Az-ZAHRA', 'P', '2009-10-09', 'CHIQUITA NASTITI', '0098100188', 5, 'Kelas 5A'),
	(260, 'QURRATU AININ NAQIYYAH', 'P', '2008-06-22', 'IIN SETIYOWATI', '0087476797', 6, 'Kelas 6B'),
	(261, 'RAAJ KHAN DANAWIRA PRABOWO', 'L', '2009-04-14', 'MARIA RETNO SUSANTI', '0096473214', 5, 'Kelas 5B'),
	(262, 'RADISTY VIRLINDA AGUNG', 'P', '2012-03-04', 'LINDAWATI', '0127285799', 2, 'Kelas 2A'),
	(263, 'RAFA FAKHIRA KHATULISTIWA', 'P', '2009-06-05', 'MELLINA NAWANG WULAN', '0097437593', 5, 'Kelas 5A'),
	(264, 'RAFA PUTRA GHOZALI', 'L', '2010-01-24', 'ERNA DIANA', '0108401956', 4, 'Kelas 4B'),
	(265, 'RAFIANSYAH HASAN MAULANA', 'L', '2010-02-23', 'ROCHMAH HIDAYAH', '0105202952', 4, 'Kelas 4A'),
	(266, 'RAFIFAH KHAYLA MAULIDIA', 'P', '2013-01-22', 'RACHMAWATI NURFATIMA', '3139604225', 1, 'Kelas 1A'),
	(267, 'Rafly Ervando Ibrahim Pratama Hermawan', 'L', '2011-11-06', 'Heny Purnamasari', '0114850432', 2, 'Kelas 2B'),
	(268, 'RAHMAN AHMAD DEDI PRATAMA', 'L', '2011-12-14', 'PUJI RAHAYU', '0111709910', 2, 'Kelas 2A'),
	(269, 'RAHMATUL HARTANTI', 'P', '2008-11-19', 'SRININGSIH', '0082199364', 5, 'Kelas 5A'),
	(270, 'Raihani Insyirah', 'P', '2010-02-15', 'Nurul Hidayati', '0102941678', 4, 'Kelas 4A'),
	(271, 'RAISSA ATMAJA RIYADI', 'P', '2011-07-22', 'WINDA ARMITASARI', '0112182444', 2, 'Kelas 2A'),
	(272, 'RAISSA QUENTIN KANAYA', 'P', '2009-09-29', 'JUPI TRIANAWATI', '0092629922', 4, 'Kelas 4B'),
	(273, 'RANDIKA HADI OCTAVIAN', 'L', '2011-10-29', 'SULISTYOWATI', '0112856567', 2, 'Kelas 2B'),
	(274, 'RANGGA FITO DWI ARIANTO', 'L', '2010-05-03', 'KUSWATUL KASANAH', '0107844163', 3, 'Kelas 3B'),
	(275, 'RAVEL PUTRA REVIANSYAH', 'L', '2008-12-27', 'RENY YUSNITA', '0088369604', 5, 'Kelas 5B'),
	(276, 'RAVENALA AUCKY ZAFRANI MALISYA', 'P', '2008-06-23', 'TUTIK AINI', '0082799604', 5, 'Kelas 5B'),
	(277, 'RAYHAN BINTANG ALKAUTSAR', 'L', '2011-03-03', 'HIDAYATI', '0113752732', 3, 'Kelas 3A'),
	(278, 'Rega Aditya Putra Anugrah', 'L', '2012-03-26', 'Ana', '0129429679', 2, 'Kelas 2B'),
	(279, 'RENATA AYUNDHA PUTRI MEYLANDRIA', 'P', '2013-05-17', 'ROSITA DWI WINARNI', '0137655372', 1, 'Kelas 1B'),
	(280, 'RENO FEBRILIAN', 'L', '2007-02-06', 'YUYUN KRISTINI', '0071361371', 6, 'Kelas 6A'),
	(281, 'REVOLINO ADJI FIRMANSYAH TAMEON', 'L', '2010-03-12', 'DWI SEPTI KUSRINI', '0103663616', 4, 'Kelas 4A'),
	(282, 'REYHAN ICAN ASMORO', 'L', '2009-03-25', 'Anita Dwi Ningrum', '0091539919', 5, 'Kelas 5A'),
	(283, 'RHAZKA REYFAN GUSFANO', 'L', '2012-08-13', 'RINI SETYAWATI', '0124013464', 1, 'Kelas 1A'),
	(284, 'RIFAN MAULANA RACHMAD', 'L', '2009-04-23', 'IDA LESTARI', '0097285801', 5, 'Kelas 5A'),
	(285, 'RIFANO AL-FATIH FABRIZIO', 'L', '2012-09-22', 'MERYL LIYA DIANA', '0123490912', 1, 'Kelas 1B'),
	(286, 'RISMAULANA AZ\'ZAHRA', 'P', '2010-04-16', 'ALFIYATI', '0108173400', 4, 'Kelas 4B'),
	(287, 'RIZA RAFIIANDRA HANDIANSYAH', 'L', '2013-03-09', 'TRI WIDIATI', '0132741662', 1, 'Kelas 1B'),
	(288, 'rizky juanda putra', 'L', '2012-03-02', 'dian cipta purnama', '0129048771', 1, 'Kelas 1B'),
	(289, 'RIZKY SYARIFFUDIN IBADI', 'L', '2009-02-10', 'RATIH CITRA VIENARTI', '0099331821', 5, 'Kelas 5A'),
	(290, 'RIZQI NASYWA RAMADHANI', 'P', '2009-08-25', 'LISA AFRIDA AYU SITEPU', '0095047984', 5, 'Kelas 5B'),
	(291, 'Robby Satria Dwi Cahya', 'L', '2011-12-14', 'Ari Indriani', '0117716525', 2, 'Kelas 2A'),
	(292, 'ROYAN PRASTIYA', 'L', '2007-08-23', 'SAHILAH', '0074627842', 6, 'Kelas 6A'),
	(293, 'SABILAH INDAH PRASASTI', 'P', '2008-02-05', 'MUDA\'IYAH', '0086091114', 5, 'Kelas 5B'),
	(294, 'SABYLRIZQI AKBAR', 'L', '2009-03-21', 'LISTIANI', '0099136651', 5, 'Kelas 5A'),
	(295, 'SAKINAH INDAH PRASTIWI', 'P', '2008-02-05', 'MUDA\'YAH', '0081560950', 5, 'Kelas 5A'),
	(296, 'SALSABILA TRYAS PUTRI', 'P', '2011-03-30', 'SISKA AYU MAHARANI', '0112792624', 3, 'Kelas 3A'),
	(297, 'SALUN', 'P', '2009-09-08', 'RIPIN SETIANINGSIH', '0092304699', 4, 'Kelas 4A'),
	(298, 'SALWA CALISTA AURELIA SETIAWAN', 'P', '2007-09-01', 'SRI SUPRAPTI', '0071813481', 6, 'Kelas 6B'),
	(299, 'SANJAYA ADITYA PRATAMA', 'L', '2009-03-28', 'Rr ERWINA PURWANTI', '0091858571', 4, 'Kelas 4B'),
	(300, 'SELMA RIYANI', 'P', '2008-03-18', 'KUSWANTI', '0082322961', 6, 'Kelas 6B'),
	(301, 'SEPTI FITRI EKA MAULIDYA', 'P', '2010-09-11', 'DWI RAHAYU', '0105769310', 3, 'Kelas 3A'),
	(302, 'SEPTIAN REHAN RIZKULLAH', 'L', '2011-09-24', 'ARI ENDAH SURYANINGRUM', '0111440100', 2, 'Kelas 2B'),
	(303, 'Shafira Haura Deswinta', 'P', '2008-12-16', 'Widayati Nursaptiana', '0088336532', 6, 'Kelas 6A'),
	(304, 'SILVA NUR INTANIA PUTRI', 'P', '2009-01-11', 'MISTIANI', '0093427448', 5, 'Kelas 5A'),
	(305, 'SILVANIA LETTICIA AGUSTIEN', 'P', '2010-08-25', 'WIWID PUDJI LESTARI', '0105802685', 4, 'Kelas 4A'),
	(306, 'SITI NUR AZKA SUBAGYO', 'P', '2008-01-19', 'SRIVANDA PULOMODOYO', '0081762910', 6, 'Kelas 6B'),
	(307, 'SULTAN WISNU MARCHELLO', 'L', '2011-03-06', 'MIA DWI HAPSARI', '0118982983', 3, 'Kelas 3B'),
	(308, 'SYAHRULL DWI SAPUTRA', 'L', '2012-12-13', 'ARTIKA MAYA SUKMA', '0127945466', 1, 'Kelas 1B'),
	(309, 'syaqila asyifa nacwa', 'P', '2013-05-14', 'iin indayani', '0139919414', 1, 'Kelas 1B'),
	(310, 'SYIFA AINAL MARZIYAH', 'P', '2007-11-29', 'WAHYU UMI HABIBAH', '0079136550', 6, 'Kelas 6A'),
	(311, 'TAHTA RAHADHANU HERWINDARTO', 'L', '2008-09-17', 'WINARSIH', '0085709706', 5, 'Kelas 5B'),
	(312, 'TALITA ATIIQAH FADHILLA', 'P', '2011-09-28', 'RETNO MARDIWAHYUNI', '0112011554', 2, 'Kelas 2A'),
	(313, 'TALITHA AURYN', 'P', '2009-03-16', 'RETNO IKEN PERMONO', '0092158599', 5, 'Kelas 5A'),
	(314, 'TALITHA ZAHRA NABILA', 'P', '2008-01-21', 'INEKE KUSUMA WARDHANI', '0083400213', 6, 'Kelas 6B'),
	(315, 'TANGGUH AL-FALAH PUTRA', 'L', '2012-02-08', 'NANING YULIATI', '3122514451', 1, 'Kelas 1A'),
	(316, 'tery rahmadani cesario', 'P', '2012-04-18', 'rita haryati', '0126561644', 2, 'Kelas 2B'),
	(317, 'TIARA ANGEL LOVITA', 'P', '2009-05-26', 'NUR FIDIAWATI', '0095744205', 5, 'Kelas 5A'),
	(318, 'TSANIA FADHILAH RAHMA', 'P', '2012-08-24', 'NUR HASANAH', '3129999678', 1, 'Kelas 1A'),
	(319, 'VANNESYA NASHA ANGGARA', 'P', '2010-06-16', 'FITRI DEVI ANGGRAENI', '0109621795', 3, 'Kelas 3A'),
	(320, 'VARENDRA YUDHA ANGGARA', 'L', '2012-06-14', 'FITRI DEVI ANGGRAENI', '3128589284', 1, 'Kelas 1A'),
	(321, 'VICKY PRATAMA FEBRIANSAH', 'L', '2007-02-27', 'NURAIFAH', '0073631642', 6, 'Kelas 6B'),
	(322, 'VICKY SYAFIRIO AZZAKY', 'L', '2011-05-13', 'ALFIATUL KHOTIMAH', '0116579427', 3, 'Kelas 3B'),
	(323, 'VIONA OKTAVI SHAFIA ROMANSA', 'P', '2012-10-05', 'EMI EKAWATI', '3128472976', 1, 'Kelas 1A'),
	(324, 'VIRGITA MUTHMAINAH ACHMAD', 'P', '2009-02-26', 'ASRI SEPTIANI', '0097067531', 5, 'Kelas 5B'),
	(325, 'WILDHAN MAULANA PUTRA RAMADHAN', 'L', '2011-05-14', 'DESI ISNATALIA', '0118986199', 3, 'Kelas 3A'),
	(326, 'WINONA DIVA RAISSA SUKARNO', 'P', '2011-09-02', 'EDWINA VIRANTI', '0118787582', 3, 'Kelas 3B'),
	(327, 'YAZID RIZQULLAH SANTOSO', 'L', '2011-07-03', 'RATNA EVIENTI', '0112263838', 2, 'Kelas 2B'),
	(328, 'YOGANANTA OCKTAFIANDI SETIAWAN', 'L', '2011-10-12', 'DWI SETIYANI', '0117397084', 2, 'Kelas 2B'),
	(329, 'Yohan Hadi Brodjowiruno', 'L', '2007-09-28', 'Hanisyah', '0077296781', 6, 'Kelas 6A'),
	(330, 'ZACKY FIRMANSYAH', 'L', '2012-03-28', 'ESTRI YULITASARI', '0123565489', 2, 'Kelas 2B'),
	(331, 'ZAFA AUXILIA PUTRI', 'P', '2012-09-28', 'MAMI SRI WAHYUNINGSIH', '0123367495', 1, 'Kelas 1A'),
	(332, 'ZAHIRA HASNA ARIFAH', 'P', '2012-12-20', 'WINARSIH', '0124089748', 1, 'Kelas 1A'),
	(333, 'Zahra Aulia Rahmadani', 'P', '2007-09-03', 'Umy Anisiyah', '0072114009', 6, 'Kelas 6B'),
	(334, 'ZAKY RADITYA HIDAYAT', 'L', '2011-08-15', 'FITRI ERNAWATI', '0118141272', 2, 'Kelas 2A'),
	(335, 'ZIDAN FAHZRIL WIJAYA', 'L', '2010-12-07', 'YULIAS NINGSIH', '0108886717', 3, 'Kelas 3A'),
	(336, 'ZIEVANNA MELIA UTOMO', 'P', '2011-04-04', 'MAYA CARMELITA', '0111925421', 2, 'Kelas 2A'),
	(337, 'test', 'L', '2020-08-04', 'Ibu Testing', '0083038884', 123, 'Kelas 123456 A'),
	(338, 'wq', 'L', '2020-08-04', 'wqwwqq', '0083038884', 1222, 'Kelas 123456 A'),
	(339, 'grgravaw21', 'L', '2020-08-04', 'dsfgdhhl;jkohkfhd', '4356789765e4', 2147483647, '32457897wefshfgkh432');
/*!40000 ALTER TABLE `master_pesdik` ENABLE KEYS */;

-- Dumping structure for table pip.menu
CREATE TABLE IF NOT EXISTS `menu` (
  `id` int(11) NOT NULL AUTO_INCREMENT,
  `menu_nama` varchar(20) DEFAULT NULL,
  `url` text,
  `id_modul` int(11) DEFAULT NULL,
  PRIMARY KEY (`id`),
  KEY `FK_menu_modul` (`id_modul`),
  CONSTRAINT `FK_menu_modul` FOREIGN KEY (`id_modul`) REFERENCES `modul` (`id`) ON DELETE CASCADE ON UPDATE CASCADE
) ENGINE=InnoDB AUTO_INCREMENT=14 DEFAULT CHARSET=utf8;

-- Dumping data for table pip.menu: ~6 rows (approximately)
/*!40000 ALTER TABLE `menu` DISABLE KEYS */;
INSERT INTO `menu` (`id`, `menu_nama`, `url`, `id_modul`) VALUES
	(4, 'User', 'master/user', 2),
	(6, 'Privilege', 'master/user_privilege', 2),
	(7, 'Ubah Password', 'setting/Ubah_password', 4),
	(8, 'Hak Akses', 'setting/User_privilege', 4),
	(10, 'Peserta Didik', 'master/pesdik', 2),
	(12, 'Kriteria', 'master/kriteria', 2);
/*!40000 ALTER TABLE `menu` ENABLE KEYS */;

-- Dumping structure for table pip.modul
CREATE TABLE IF NOT EXISTS `modul` (
  `id` int(11) NOT NULL AUTO_INCREMENT,
  `nama` varchar(20) DEFAULT NULL,
  `icon` varchar(20) DEFAULT NULL,
  `tipe` enum('','dropdown') DEFAULT NULL,
  `url` text,
  PRIMARY KEY (`id`)
) ENGINE=InnoDB AUTO_INCREMENT=6 DEFAULT CHARSET=utf8;

-- Dumping data for table pip.modul: ~4 rows (approximately)
/*!40000 ALTER TABLE `modul` DISABLE KEYS */;
INSERT INTO `modul` (`id`, `nama`, `icon`, `tipe`, `url`) VALUES
	(1, 'Dashboard', 'fas fa-tv', '', 'dashboard/Home'),
	(2, 'Master', 'fas fa-fire', 'dropdown', NULL),
	(3, 'Kalkulasi', 'fas fa-fire', NULL, 'master/nilai'),
	(4, 'Setting', 'fas fa-cog', 'dropdown', NULL);
/*!40000 ALTER TABLE `modul` ENABLE KEYS */;

-- Dumping structure for table pip.user
CREATE TABLE IF NOT EXISTS `user` (
  `id` int(11) NOT NULL AUTO_INCREMENT,
  `username` varchar(30) DEFAULT NULL,
  `password` text,
  `status_kepegawaian` tinyint(1) DEFAULT '1',
  `nama` varchar(50) DEFAULT NULL,
  `alamat` text,
  `no_telpon` varchar(20) DEFAULT NULL,
  `id_user_privilege` int(11) DEFAULT NULL,
  PRIMARY KEY (`id`),
  KEY `FK_user_master_jabatan` (`id_user_privilege`),
  CONSTRAINT `FK_user_master_jabatan` FOREIGN KEY (`id_user_privilege`) REFERENCES `user_privilege` (`id`)
) ENGINE=InnoDB AUTO_INCREMENT=7 DEFAULT CHARSET=utf8;

-- Dumping data for table pip.user: ~1 rows (approximately)
/*!40000 ALTER TABLE `user` DISABLE KEYS */;
INSERT INTO `user` (`id`, `username`, `password`, `status_kepegawaian`, `nama`, `alamat`, `no_telpon`, `id_user_privilege`) VALUES
	(6, 'admin', '21232f297a57a5a743894a0e4a801fc3', 1, 'Operator', 'Jalan Jenderal Ahmad Yani Utara, Purwodadi, Kec. Blimbing, Kota Malang, Jawa Timur 65126', '08111111111111', 1);
/*!40000 ALTER TABLE `user` ENABLE KEYS */;

-- Dumping structure for table pip.user_group_privilege
CREATE TABLE IF NOT EXISTS `user_group_privilege` (
  `id` int(11) NOT NULL AUTO_INCREMENT,
  `id_user_privilege` int(11) NOT NULL DEFAULT '0',
  `id_menu` int(11) DEFAULT NULL,
  `id_modul` int(11) DEFAULT NULL,
  PRIMARY KEY (`id`),
  KEY `FK_user_group_privilege_master_jabatan` (`id_user_privilege`),
  KEY `FK_user_group_privilege_menu` (`id_menu`),
  KEY `FK_user_group_privilege_modul` (`id_modul`),
  CONSTRAINT `FK_user_group_privilege_master_jabatan` FOREIGN KEY (`id_user_privilege`) REFERENCES `user_privilege` (`id`),
  CONSTRAINT `FK_user_group_privilege_menu` FOREIGN KEY (`id_menu`) REFERENCES `menu` (`id`) ON DELETE CASCADE ON UPDATE CASCADE,
  CONSTRAINT `FK_user_group_privilege_modul` FOREIGN KEY (`id_modul`) REFERENCES `modul` (`id`) ON DELETE CASCADE ON UPDATE CASCADE
) ENGINE=InnoDB AUTO_INCREMENT=335 DEFAULT CHARSET=utf8;

-- Dumping data for table pip.user_group_privilege: ~8 rows (approximately)
/*!40000 ALTER TABLE `user_group_privilege` DISABLE KEYS */;
INSERT INTO `user_group_privilege` (`id`, `id_user_privilege`, `id_menu`, `id_modul`) VALUES
	(327, 1, NULL, 1),
	(328, 1, 4, 2),
	(329, 1, 6, 2),
	(330, 1, 10, 2),
	(331, 1, 12, 2),
	(332, 1, 7, 4),
	(333, 1, 8, 4),
	(334, 1, NULL, 3);
/*!40000 ALTER TABLE `user_group_privilege` ENABLE KEYS */;

-- Dumping structure for table pip.user_privilege
CREATE TABLE IF NOT EXISTS `user_privilege` (
  `id` int(11) NOT NULL AUTO_INCREMENT,
  `nama` varchar(30) DEFAULT NULL,
  PRIMARY KEY (`id`)
) ENGINE=InnoDB AUTO_INCREMENT=7 DEFAULT CHARSET=utf8;

-- Dumping data for table pip.user_privilege: ~1 rows (approximately)
/*!40000 ALTER TABLE `user_privilege` DISABLE KEYS */;
INSERT INTO `user_privilege` (`id`, `nama`) VALUES
	(1, 'Operator');
/*!40000 ALTER TABLE `user_privilege` ENABLE KEYS */;

/*!40101 SET SQL_MODE=IFNULL(@OLD_SQL_MODE, '') */;
/*!40014 SET FOREIGN_KEY_CHECKS=IF(@OLD_FOREIGN_KEY_CHECKS IS NULL, 1, @OLD_FOREIGN_KEY_CHECKS) */;
/*!40101 SET CHARACTER_SET_CLIENT=@OLD_CHARACTER_SET_CLIENT */;
